counts,director,genre,quote,rank,rating,runtime,title,url
894019人评价,宫崎骏,2001 / 日本 / 剧情 动画 奇幻,最好的宫崎骏，最好的久石让。,7,9.3,125分钟,千与千寻,https://movie.douban.com/subject/1291561/
902097人评价,詹姆斯·卡梅隆,1997 / 美国 / 剧情 爱情 灾难,失去的才是永恒的。,6,9.3,194分钟,泰坦尼克号,https://movie.douban.com/subject/1292722/
966497人评价,罗伯特·泽米吉斯,1994 / 美国 / 剧情 爱情,一部美国近现代史。,4,9.4,142 分钟,阿甘正传,https://movie.douban.com/subject/1292720/
507239人评价,史蒂文·斯皮尔伯格,1993 / 美国 / 剧情 历史 战争,拯救一个人，就是拯救整个世界。,8,9.5,195分钟,辛德勒的名单,https://movie.douban.com/subject/1295124/
1225578人评价,弗兰克·德拉邦特,1994 / 美国 / 犯罪 剧情,希望让人自由。,1,9.6,142分钟,肖申克的救赎,https://movie.douban.com/subject/1292052/
651543人评价,安德鲁·斯坦顿,2008 / 美国 / 爱情 科幻 动画 冒险,小瓦力，大人生。,10,9.3,98分钟,机器人总动员,https://movie.douban.com/subject/2131459/
981443人评价,克里斯托弗·诺兰,2010 / 美国 英国 / 剧情 科幻 悬疑 冒险,诺兰给了我们一场无法盗取的梦。,9,9.3,148分钟,盗梦空间,https://movie.douban.com/subject/3541415/
564689人评价,罗伯托·贝尼尼,1997 / 意大利 / 剧情 喜剧 爱情 战争,最美的谎言。,5,9.5,116分钟,美丽人生,https://movie.douban.com/subject/1292063/
1127321人评价,吕克·贝松,1994 / 法国 / 剧情 动作 犯罪,怪蜀黍和小萝莉不得不说的故事。,3,9.4,110分钟(剧场版),这个杀手不太冷,https://movie.douban.com/subject/1295644/
547100人评价,宫崎骏,1988 / 日本 / 动画 奇幻 冒险,人人心中都有个龙猫，童年就永远不会消失。,19,9.1,86分钟,龙猫,https://movie.douban.com/subject/1291560/
378287人评价,黄东赫,2011 / 韩国 / 剧情,我们一路奋战不是为了改变世界，而是为了不让世界改变我们。,20,9.3,125分钟,熔炉,https://movie.douban.com/subject/5912992/
901961人评价,陈凯歌,1993 / 中国大陆 香港 / 剧情 爱情 同性,风华绝代。,2,9.6,171 分钟,霸王别姬,https://movie.douban.com/subject/1291546/
664381人评价,克里斯托弗·诺兰,2014 / 美国 英国 加拿大 冰岛 / 剧情 科幻 冒险,爱是一种力量，让我们超越时空感知它的存在。,17,9.2,169分钟,星际穿越,https://movie.douban.com/subject/1889243/
445228人评价,弗朗西斯·福特·科波拉,1972 / 美国 / 剧情 犯罪,千万不要记恨你的对手，这样会让你失去理智。,18,9.2,175 分钟,教父,https://movie.douban.com/subject/1291841/
650295人评价,彼得·威尔,1998 / 美国 / 剧情 科幻,如果再也不能见到你，祝你早安，午安，晚安。,16,9.2,103分钟,楚门的世界,https://movie.douban.com/subject/1292064/
670617人评价,刘镇伟,1995 / 香港 中国大陆 / 喜剧 爱情 奇幻 冒险,一生所爱。,15,9.2,95分钟,大话西游之大圣娶亲,https://movie.douban.com/subject/1292213/
730683人评价,拜伦·霍华德,2016 / 美国 / 喜剧 动画 冒险,迪士尼给我们营造的乌托邦就是这样，永远善良勇敢，永远出乎意料。,25,9.2,109分钟(中国大陆),疯狂动物城,https://movie.douban.com/subject/25662329/
472279人评价,奥利维埃·纳卡什,2011 / 法国 / 剧情 喜剧,满满温情的高雅喜剧。,23,9.2,112分钟,触不可及,https://movie.douban.com/subject/6786002/
766389人评价,罗伯·莱纳,2010 / 美国 / 剧情 喜剧 爱情,真正的幸福是来自内心深处。,24,9.0,90分钟,怦然心动,https://movie.douban.com/subject/3319755/
710648人评价,加布里埃莱·穆奇诺,2006 / 美国 / 剧情 传记 家庭,平民励志片。,22,9.0,117分钟,当幸福来敲门,https://movie.douban.com/subject/1849031/
549383人评价,刘伟强,2002 / 香港 / 剧情 犯罪 悬疑,香港电影史上永不过时的杰作。,21,9.1,101分钟,无间道,https://movie.douban.com/subject/1307914/
605085人评价,克里斯托夫·巴拉蒂,2004 / 法国 瑞士 德国 / 剧情 音乐,天籁一般的童声，是最接近上帝的存在。,14,9.2,97 分钟,放牛班的春天,https://movie.douban.com/subject/1291549/
733277人评价,朱塞佩·托纳多雷,1998 / 意大利 / 剧情 音乐,每个人都要走一条自己坚定了的路，就算是粉身碎骨。,13,9.2,165分钟,海上钢琴师,https://movie.douban.com/subject/1292001/
879068人评价,拉吉库马尔·希拉尼,2009 / 印度 / 剧情 喜剧 爱情 歌舞,英俊版憨豆，高情商版谢耳朵。,12,9.2,171分钟(印度),三傻大闹宝莱坞,https://movie.douban.com/subject/3793023/
364621人评价,张艺谋,1994 / 中国大陆 香港 / 剧情 历史 家庭,张艺谋最好的电影。,28,9.1,132分钟,活着,https://movie.douban.com/subject/1292365/
441395人评价,克里斯托弗·诺兰,2008 / 美国 英国 / 剧情 动作 科幻 犯罪 惊悚,无尽的黑暗。,27,9.1,152分钟,蝙蝠侠：黑暗骑士,https://movie.douban.com/subject/1851857/
240723人评价,弗朗西斯·福特·科波拉,1974 / 美国 / 剧情 犯罪,优雅的孤独。,50,9.1,202分钟,教父2,https://movie.douban.com/subject/1299131/
535115人评价,詹姆斯·麦克特格,2005 / 美国 英国 德国 / 剧情 动作 科幻 惊悚,一张面具背后的理想与革命。,48,8.8,132分钟,V字仇杀队,https://movie.douban.com/subject/1309046/
337203人评价,维克多·弗莱明,1939 / 美国 / 剧情 历史 爱情 战争,Tomorrow is another day.,26,9.2,238分钟,乱世佳人,https://movie.douban.com/subject/1300267/
217398人评价,路易·西霍尤斯,2009 / 美国 / 纪录片,海豚的微笑，是世界上最高明的伪装。,49,9.3,92分钟,海豚湾,https://movie.douban.com/subject/3442220/
353531人评价,彼得·威尔,1989 / 美国 / 剧情,当一个死水般的体制内出现一个活跃的变数时，所有的腐臭都站在了光明的对面。,47,9.0,128 分钟,死亡诗社,https://movie.douban.com/subject/1291548/
326172人评价,盖·里奇,1998 / 英国 / 剧情 喜剧 犯罪,4个臭皮匠顶个诸葛亮，盖·里奇果然不是盖的。,45,9.1,107分钟,两杆大烟枪,https://movie.douban.com/subject/1293350/
330468人评价,米洛斯·福尔曼,1975 / 美国 / 剧情,自由万岁。,46,9.0,133分钟,飞越疯人院,https://movie.douban.com/subject/1292224/
287643人评价,弗洛里安·亨克尔·冯·多纳斯马尔克,2006 / 德国 / 剧情 悬疑,别样人生。,41,9.1,137分钟,窃听风暴,https://movie.douban.com/subject/1900841/
285567人评价,杨宇硕,2013 / 韩国 / 剧情,电影的现实意义大过电影本身。,43,9.2,127分钟,辩护人,https://movie.douban.com/subject/21937445/
655462人评价,涅提·蒂瓦里,2016 / 印度 / 剧情 传记 运动 家庭,你不是在为你一个人战斗，你要让千千万万的女性看到女生并不是只能相夫教子。,40,9.1,161分钟(印度),摔跤吧！爸爸,https://movie.douban.com/subject/26387939/
455691人评价,宫崎骏,2004 / 日本 / 动画 奇幻 冒险,带着心爱的人在天空飞翔。,42,8.9,119分钟,哈尔的移动城堡,https://movie.douban.com/subject/1308807/
412524人评价,马丁·布莱斯特,1992 / 美国 / 剧情,史上最美的探戈。,44,9.0,157 分钟,闻香识女人,https://movie.douban.com/subject/1298624/
485809人评价,威廉·惠勒,1953 / 美国 / 喜剧 剧情 爱情,爱情哪怕只有一天。,39,9.0,118 分钟,罗马假日,https://movie.douban.com/subject/1293839/
346032人评价,梅尔·吉布森,1995 / 美国 / 动作 传记 剧情 历史 战争,史诗大片的典范。,74,8.8,177 分钟,勇敢的心,https://movie.douban.com/subject/1294639/
139479人评价,万籁鸣,1961(中国大陆) / 1964(中国大陆) / 1978(中国大陆) / 2004(中国大陆) / 中国大陆 / 动画 奇幻,经典之作，历久弥新。,75,9.3,114分钟,大闹天宫,https://movie.douban.com/subject/1418019/
416259人评价,昆汀·塔伦蒂诺,1994 / 美国 / 剧情 喜剧 犯罪,故事的高级讲法。,73,8.8,154分钟,低俗小说,https://movie.douban.com/subject/1291832/
284261人评价,罗伯特·怀斯,1965 / 美国 / 剧情 传记 爱情 歌舞,用音乐化解仇恨，让歌声串起美好。,72,8.9,174分钟,音乐之声,https://movie.douban.com/subject/1294408/
480411人评价,奥里奥尔·保罗,2016 / 西班牙 / 剧情 犯罪 悬疑 惊悚,你以为你以为的就是你以为的。,71,8.7,106分钟,看不见的客人,https://movie.douban.com/subject/26580232/
450907人评价,朱塞佩·托纳多雷,2000 / 意大利 美国 / 剧情 战争 情色,美丽无罪。,66,8.8,109 分钟,西西里的美丽传说,https://movie.douban.com/subject/1292402/
304952人评价,史蒂文·斯皮尔伯格,1998 / 美国 / 剧情 历史 战争,美利坚精神输出大片No1.,69,8.9,169分钟,拯救大兵瑞恩,https://movie.douban.com/subject/1292849/
577143人评价,让-皮埃尔·热内,2001 / 法国 德国 / 喜剧 爱情,法式小清新。,70,8.7,122分钟,天使爱美丽,https://movie.douban.com/subject/1292215/
356713人评价,莉莉·沃卓斯基,1999 / 美国 澳大利亚 / 动作 科幻,视觉革命。,67,8.9,136分钟,黑客帝国,https://movie.douban.com/subject/1291843/
789654人评价,姜文,2010 / 中国大陆 香港 / 剧情 喜剧 动作 西部,你给我翻译翻译，神马叫做TMD的惊喜。,68,8.7,132分钟,让子弹飞,https://movie.douban.com/subject/3742360/
637330人评价,拉斯·霍尔斯道姆,2009 / 美国 英国 / 剧情,永远都不能忘记你所爱的人。,11,9.3,93分钟,忠犬八公的故事,https://movie.douban.com/subject/3011091/
483747人评价,大卫·芬奇,2008 / 美国 / 剧情 爱情 奇幻,在时间之河里感受溺水之苦。,64,8.8,166分钟,本杰明·巴顿奇事,https://movie.douban.com/subject/1485260/
423937人评价,克里斯托弗·诺兰,2006 / 美国 英国 / 剧情 悬疑 惊悚,孪生蝙蝠侠大战克隆金刚狼。,65,8.8,130分钟,致命魔术,https://movie.douban.com/subject/1780330/
424586人评价,乔纳森·戴米,1991 / 美国 / 剧情 犯罪 惊悚,安东尼·霍普金斯的顶级表演。,77,8.8,118分钟,沉默的羔羊,https://movie.douban.com/subject/1293544/
303050人评价,蒂姆·波顿,2003 / 美国 / 剧情 家庭 奇幻 冒险,抱着梦想而活着的人是幸福的，怀抱梦想而死去的人是不朽的。,98,8.7,125 分钟,大鱼,https://movie.douban.com/subject/1291545/
410360人评价,中岛哲也,2010 / 日本 / 剧情 惊悚,没有一人完全善，也没有一人完全恶。,99,8.7,106分钟,告白,https://movie.douban.com/subject/4268598/
197695人评价,马克·赫尔曼,2008 / 英国 美国 / 剧情 战争,尽管有些不切实际的幻想，这部电影依旧是一部感人肺腑的佳作。,92,9.0,94 分钟,穿条纹睡衣的男孩,https://movie.douban.com/subject/3008247/
647278人评价,詹姆斯·卡梅隆,2009 / 美国 英国 / 动作 战争 科幻 冒险,绝对意义上的美轮美奂。,96,8.6,162分钟,阿凡达,https://movie.douban.com/subject/1652587/
388146人评价,李安,2005 / 美国 加拿大 / 剧情 爱情 同性 家庭,每个人心中都有一座断背山。,94,8.7,134分钟,断背山,https://movie.douban.com/subject/1418834/
390060人评价,詹姆斯·曼高德,2003 / 美国 / 剧情 悬疑 惊悚,最不可能的那个人永远是最可能的。,93,8.7,90分钟,致命ID,https://movie.douban.com/subject/1297192/
117221人评价,查理·卓别林,1936 / 美国 / 喜剧 剧情 爱情,大时代中的人生，小人物的悲喜。,97,9.2,87 分钟,摩登时代,https://movie.douban.com/subject/1294371/
404318人评价,王家卫,1994 / 香港 / 剧情 爱情,寂寞没有期限。,91,8.7,102分钟,重庆森林,https://movie.douban.com/subject/1291999/
185113人评价,杨德昌,2000 / 台湾 日本 / 剧情 爱情 家庭,我们都曾经是一一。,100,9.0,173分钟,一一,https://movie.douban.com/subject/1292434/
167683人评价,托马斯·温特伯格,2012 / 丹麦 瑞典 / 剧情,人言可畏。,90,9.1,115分钟,狩猎,https://movie.douban.com/subject/6985810/
432103人评价,戈尔·维宾斯基,2003 / 美国 / 动作 冒险 奇幻,约翰尼·德普的独角戏。,95,8.6,143 分钟,加勒比海盗,https://movie.douban.com/subject/1298070/
251811人评价,奉俊昊,2003 / 韩国 / 犯罪 剧情 悬疑 惊悚,关于连环杀人悬案的集体回忆。,121,8.7,130分钟,杀人回忆,https://movie.douban.com/subject/1300299/
259471人评价,米林宏昌,2010 / 日本 / 动画 奇幻 冒险,曾经的那段美好会沉淀为一辈子的记忆。,122,8.7,94分钟,借东西的小人阿莉埃蒂,https://movie.douban.com/subject/4202302/
242010人评价,卢卡·瓜达尼诺,2017 / 意大利 法国 巴西 美国 / 剧情 爱情 同性,沉醉在电影的情感和视听氛围中无法自拔。,124,8.8,132分钟,请以你的名字呼唤我,https://movie.douban.com/subject/26799731/
283446人评价,M·奈特·沙马兰,1999 / 美国 / 剧情 悬疑 惊悚,深入内心的恐怖，出人意料的结局。,89,8.8,107分钟,第六感,https://movie.douban.com/subject/1297630/
94399人评价,黑泽明,1954 / 日本 / 动作 冒险 剧情,时代悲歌。,123,9.2,160分钟(国际版),七武士,https://movie.douban.com/subject/1295399/
472422人评价,皮埃尔·柯芬,2010 / 美国 法国 / 喜剧 动画 冒险,Mr. I Don't Care其实也有Care的时候。,120,8.5,95分钟,神偷奶爸,https://movie.douban.com/subject/3287562/
267833人评价,史蒂文·斯皮尔伯格,2004 / 美国 / 喜剧 剧情 爱情,有时候幸福需要等一等。,119,8.7,128 分钟,幸福终点站,https://movie.douban.com/subject/1292274/
352879人评价,罗启锐,2010 / 香港 中国大陆 / 剧情 家庭,岁月流逝，来日可追。,125,8.6,117分钟,岁月神偷,https://movie.douban.com/subject/3792799/
210164人评价,宫崎骏,1984 / 日本 / 动画 奇幻 冒险,动画片的圣经。,112,8.8,117分钟,风之谷,https://movie.douban.com/subject/1291585/
350446人评价,迪恩·德布洛斯,2010 / 美国 / 喜剧 动画 奇幻 冒险,和谐的生活离不开摸头与被摸头。,118,8.7,98分钟,驯龙高手,https://movie.douban.com/subject/2353023/
216289人评价,托尼·凯耶,2011 / 美国 / 剧情,穷尽一生，我们要学会的，不过是彼此拥抱。,113,8.8,97分钟,超脱,https://movie.douban.com/subject/5322596/
231614人评价,北野武,1999 / 日本 / 剧情 喜剧,从没见过那么流氓的温柔，从没见过那么温柔的流氓。,117,8.8,121 分钟,菊次郎的夏天,https://movie.douban.com/subject/1293359/
107881人评价,雅克·贝汉,2009 / 法国 瑞士 西班牙 美国 阿联酋 / 纪录片,大海啊，不全是水。,150,9.0,104分钟(法国),海洋,https://movie.douban.com/subject/3443389/
609051人评价,李·昂克里奇,2017 / 美国 / 喜剧 动画 奇幻 音乐,死亡不是真的逝去，遗忘才是永恒的消亡。,116,9.0,105分钟,寻梦环游记,https://movie.douban.com/subject/20495023/
364182人评价,乔·赖特,2005 / 法国 英国 美国 / 剧情 爱情,爱是摈弃傲慢与偏见之后的曙光。,148,8.5,129 分钟,傲慢与偏见,https://movie.douban.com/subject/1418200/
182370人评价,达米安·斯兹弗隆,2014 / 阿根廷 西班牙 / 剧情 喜剧 犯罪,始于荒诞，止于更荒诞。,149,8.8,122分钟,荒蛮故事,https://movie.douban.com/subject/24750126/
142774人评价,特瑞·乔治,2004 / 英国 南非 意大利 美国 / 剧情 历史 战争,当这个世界闭上双眼，他却敞开了怀抱。,147,8.9,121分钟,卢旺达饭店,https://movie.douban.com/subject/1291822/
169798人评价,今敏,2006 / 日本 / 动画 悬疑 科幻 惊悚,梦的勾结。,115,8.9,90 分钟,红辣椒,https://movie.douban.com/subject/1865703/
227485人评价,忻钰坤,2014 / 中国大陆 / 剧情 犯罪 悬疑,荒诞讽刺，千奇百巧，抽丝剥茧，百转千回。,146,8.7,110分钟(中国大陆),心迷宫,https://movie.douban.com/subject/25917973/
239641人评价,理查德·林克莱特,2004 / 美国 / 剧情 爱情,九年后的重逢是世俗和责任的交叠，没了悸动和青涩，沧桑而温暖。,114,8.8,80 分钟,爱在日落黄昏时,https://movie.douban.com/subject/1291990/
237368人评价,巴瑞·莱文森,1988 / 美国 / 剧情,生活在自己的世界里，也可以让周围的人显得可笑和渺小。,145,8.7,133分钟,雨人,https://movie.douban.com/subject/1291870/
460565人评价,唐·霍尔,2014 / 美国 / 喜剧 动作 科幻 动画 冒险,Balalala~~~,142,8.6,102分钟,超能陆战队,https://movie.douban.com/subject/11026735/
204183人评价,大森贵弘,2011 / 日本 / 剧情 爱情 动画 奇幻,触不到的恋人。,137,8.8,45分钟,萤火之森,https://movie.douban.com/subject/5989818/
350570人评价,克里斯托弗·诺兰,2012 / 美国 英国 / 剧情 动作 科幻 犯罪 惊悚,诺兰就是保证。,144,8.6,165分钟,蝙蝠侠：黑暗骑士崛起,https://movie.douban.com/subject/3395373/
485525人评价,达伦·阿伦诺夫斯基,2010 / 美国 / 剧情 惊悚,黑暗之美。,139,8.5,108分钟,黑天鹅,https://movie.douban.com/subject/1978709/
219180人评价,吴宇森,1986 / 香港 / 动作 犯罪,英雄泪短，兄弟情长。,141,8.6,95分钟,英雄本色,https://movie.douban.com/subject/1297574/
328455人评价,克里斯托弗·诺兰,2000 / 美国 / 犯罪 剧情 悬疑 惊悚,一个针管引发的血案。,138,8.6,113分钟,记忆碎片,https://movie.douban.com/subject/1304447/
362766人评价,理查德·柯蒂斯,2003 / 英国 美国 法国 / 喜剧 剧情 爱情,爱，是个动词。,140,8.5,135 分钟,真爱至上,https://movie.douban.com/subject/1292401/
228238人评价,李·昂克里奇,2010 / 美国 / 喜剧 动画 奇幻 冒险,跨度十五年的欢乐与泪水。,158,8.8,103分钟,玩具总动员3,https://movie.douban.com/subject/1858711/
120694人评价,今敏,1997 / 日本 / 动画 奇幻 惊悚,好的剧本是，就算你猜到了结局也猜不到全部。,175,8.9,81 分钟,未麻的部屋,https://movie.douban.com/subject/1395091/
440567人评价,柯克·德·米科,2013 / 美国 / 喜剧 动画 冒险,老少皆宜，这就是好莱坞动画的魅力。,135,8.7,98分钟,疯狂原始人,https://movie.douban.com/subject/1907966/
303951人评价,昆汀·塔伦蒂诺,2012 / 美国 / 剧情 动作 西部 冒险,热血沸腾，那个低俗、性感的无耻混蛋又来了。,173,8.6,163分钟(中国大陆),被解救的姜戈,https://movie.douban.com/subject/6307447/
280312人评价,达米恩·查泽雷,2014 / 美国 / 剧情 音乐,这个世界从不善待努力的人，努力了也不一定会成功，但是知道自己在努力，就是活下去的动力。,174,8.6,107分钟,爆裂鼓手,https://movie.douban.com/subject/25773932/
447562人评价,丹尼·博伊尔,2008 / 英国 美国 / 剧情 爱情,上帝之城+猜火车+阿甘正传+开心辞典=山寨富翁,136,8.5,120 分钟,贫民窟的百万富翁,https://movie.douban.com/subject/2209573/
282153人评价,彼特·道格特,2015 / 美国 / 喜剧 动画 冒险,愿我们都不用长大，每一座城堡都能永远存在。,172,8.7,95分钟,头脑特工队,https://movie.douban.com/subject/10533913/
324288人评价,卡洛斯·沙尔丹哈,2002 / 美国 / 喜剧 动画 冒险,松鼠才是角儿。,170,8.5,81 分钟,冰川时代,https://movie.douban.com/subject/1291578/
126637人评价,杰茜·尼尔森,2001 / 美国 / 剧情 家庭,爱并不需要智商 。,168,8.8,132 分钟,我是山姆,https://movie.douban.com/subject/1306861/
224102人评价,史蒂文·斯皮尔伯格,2001 / 美国 / 冒险 剧情 科幻,对爱的执着，可以超越一切。,171,8.6,146分钟,人工智能,https://movie.douban.com/subject/1302827/
279873人评价,丹尼·博伊尔,1996 / 英国 / 犯罪 剧情,不可猜的青春迷笛。,169,8.5,94分钟,猜火车,https://movie.douban.com/subject/1292528/
215425人评价,细田守,2006 / 日本 / 剧情 爱情 科幻 动画,爱上未来的你。,167,8.6,98分钟,穿越时空的少女,https://movie.douban.com/subject/1937946/
100930人评价,阿尔弗雷德·希区柯克,1960 / 美国 / 悬疑 惊悚 恐怖,故事的反转与反转，分裂电影的始祖。,200,8.9,109分钟,惊魂记,https://movie.douban.com/subject/1293181/
147715人评价,茂文·勒鲁瓦,1940 / 美国 / 剧情 战争 爱情,中国式内在的美国电影。,166,8.8,108 分钟,魂断蓝桥,https://movie.douban.com/subject/1293964/
134455人评价,郭柯,2015 / 中国大陆 / 纪录片,有一些东西不应该被遗忘。,164,8.7,99分钟(公映版),二十二,https://movie.douban.com/subject/26430107/
107742人评价,斯坦利·多南,1952 / 美国 / 喜剧 歌舞 爱情,骨灰级歌舞片。,165,9.0,103 分钟,雨中曲,https://movie.douban.com/subject/1293460/
428377人评价,李力持,1993 / 香港 / 喜剧 爱情 古装,华太师是黄霑，吴镇宇四大才子之一。,143,8.5,102 分钟,唐伯虎点秋香,https://movie.douban.com/subject/1306249/
188112人评价,保罗·格林格拉斯,2004 / 美国 德国 / 动作 悬疑 惊悚,谁说王家卫镜头很晃？,199,8.6,108分钟,谍影重重2,https://movie.douban.com/subject/1308767/
127211人评价,杨德昌,1991 / 台湾 / 剧情 犯罪,弱者送给弱者的一刀。,196,8.8,237分钟(导演剪辑版),牯岭街少年杀人事件,https://movie.douban.com/subject/1292329/
101137人评价,阿米尔·汗,2007 / 印度 / 剧情 儿童 家庭,天使保护事件始末。,197,8.9,165分钟,地球上的星星,https://movie.douban.com/subject/2363506/
197373人评价,保罗·哈吉斯,2004 / 美国 德国 / 犯罪 剧情,天使与魔鬼的冲撞。,198,8.6,112分钟,撞车,https://movie.douban.com/subject/1388216/
256536人评价,保罗·格诺维塞,2016 / 意大利 / 剧情 喜剧,来啊，互相伤害啊！,194,8.6,97分钟,完美陌生人,https://movie.douban.com/subject/26614893/
225940人评价,道格·里曼,2002 / 美国 德国 捷克 / 动作 悬疑 惊悚,哗啦啦啦啦，天在下雨，哗啦啦啦啦，云在哭泣……找自己。,195,8.5,119分钟,谍影重重,https://movie.douban.com/subject/1304102/
99922人评价,严定宪,1979 / 中国大陆 / 冒险 动画 奇幻,想你时你在闹海。,193,8.9,65分钟,哪吒闹海,https://movie.douban.com/subject/1307315/
94745人评价,克里斯托弗·诺兰,1998 / 英国 / 犯罪 悬疑 惊悚,诺兰的牛逼来源于内心散发出的恐惧。,192,8.9,69分钟,追随,https://movie.douban.com/subject/1397546/
142079人评价,迈克尔·柯蒂兹,1942 / 美国 / 剧情 爱情 战争,世界上有那么多女人那么多酒馆，但她偏偏走进我的这家。,225,8.6,102 分钟,卡萨布兰卡,https://movie.douban.com/subject/1296753/
231929人评价,宫崎骏,1989 / 日本 / 动画 奇幻 冒险,宫崎骏的电影总让人感觉世界是美好的，阳光明媚的。,191,8.5,103分钟,魔女宅急便,https://movie.douban.com/subject/1307811/
170316人评价,是枝裕和,2015 / 日本 / 剧情 家庭,是枝裕和的家庭习作。,204,8.7,127分钟,海街日记,https://movie.douban.com/subject/25895901/
115796人评价,吕克·贝松,1988 / 法国 美国 意大利 / 剧情 爱情,在那片深蓝中，感受来自大海的忧伤寂寞与美丽自由。,224,8.7,132分钟(法国),碧海蓝天,https://movie.douban.com/subject/1300960/
161504人评价,迈克尔·贝,1996 / 美国 / 动作 冒险,类型片的极致。,221,8.6,136分钟,勇闯夺命岛,https://movie.douban.com/subject/1292728/
243052人评价,吴宇森,1997 / 美国 / 动作 科幻 犯罪 惊悚,当发哥的风衣、墨镜出现在了凯奇身上⋯⋯,223,8.4,138分钟,变脸,https://movie.douban.com/subject/1292659/
180561人评价,史蒂文·斯皮尔伯格,1982 / 美国 / 剧情 科幻,生病的E.T.皮肤的颜色就像柿子饼。,222,8.5,115分钟,E.T. 外星人,https://movie.douban.com/subject/1294638/
212201人评价,理查德·沙因克曼,2007 / 美国 / 剧情 科幻,科幻真正的魅力不是视觉效果能取代的。,220,8.5,87 分钟,这个男人来自地球,https://movie.douban.com/subject/2300586/
376132人评价,宁浩,2006 / 中国大陆 香港 / 喜剧 犯罪,中国版《两杆大烟枪》。,215,8.3,106 分钟(香港),疯狂的石头,https://movie.douban.com/subject/1862151/
256203人评价,昆汀·塔伦蒂诺,2009 / 美国 德国 / 剧情 犯罪,昆汀同学越来越变态了，比北野武还杜琪峰。,218,8.5,153分钟,无耻混蛋,https://movie.douban.com/subject/1438652/
139180人评价,理查德·林克莱特,2013 / 美国 / 剧情 爱情,所谓爱情，就是话唠一路，都不会心生腻烦，彼此嫌弃。,216,8.8,109分钟,爱在午夜降临前,https://movie.douban.com/subject/10808442/
121079人评价,雷德利·斯科特,1991 / 美国 法国 / 犯罪 剧情 惊悚,没有了退路，只好飞向自由。,217,8.7,130 分钟,末路狂花,https://movie.douban.com/subject/1291992/
354407人评价,新海诚,2007 / 日本 / 动画 剧情 爱情,青春就是放弃和怀念。,219,8.3,63分钟,秒速5厘米,https://movie.douban.com/subject/2043546/
54386人评价,查理·卓别林,1931 / 美国 / 喜剧 剧情 爱情,永远的小人物，伟大的卓别林。,213,9.2,87 分钟,城市之光,https://movie.douban.com/subject/1293908/
124813人评价,弗兰克·德拉邦特,1999 / 美国 / 犯罪 剧情 奇幻 悬疑,天使暂时离开。,214,8.7,189 分钟,绿里奇迹,https://movie.douban.com/subject/1300374/
121926人评价,彼得·维纳,2008 / 美国 / 剧情 传记,乐观比一切都有力量。,248,8.6,95分钟,叫我第一名,https://movie.douban.com/subject/4798888/
264502人评价,大卫·林奇,2001 / 法国 美国 / 剧情 悬疑 惊悚,大卫·林奇的梦境迷宫。,249,8.3,147分钟,穆赫兰道,https://movie.douban.com/subject/1292217/
115465人评价,杜琪峰,1999 / 香港 / 剧情 动作 犯罪,一群演技精湛的戏骨，奉献出一个精致的黑帮小品，成就杜琪峰群戏的巅峰之作。,246,8.7,84分钟(香港),枪火,https://movie.douban.com/subject/1300741/
116616人评价,岩井俊二,1996 / 日本 / 犯罪 剧情,现实与童话交相辉映的旅程。,247,8.6,148分钟,燕尾蝶,https://movie.douban.com/subject/1307793/
114399人评价,斯坦利·库布里克,1968 / 英国 美国 / 科幻 惊悚 冒险,现代科幻电影的开山之作，最伟大导演的最伟大影片。,244,8.7,148分钟,2001太空漫游,https://movie.douban.com/subject/1292226/
97720人评价,加文·欧康诺,2011 / 美国 / 剧情 运动 家庭,热血沸腾，相当完美的娱乐拳击大餐。,245,8.9,140分钟,勇士,https://movie.douban.com/subject/3217169/
158666人评价,罗伯特·泽米吉斯,2000 / 美国 / 冒险 剧情,一个人的独角戏。,243,8.5,143分钟,荒岛余生,https://movie.douban.com/subject/1298653/
56744人评价,雅克·贝汉,2001 / 法国 德国 意大利 西班牙 瑞士 / 纪录片,最美的飞翔。,242,9.1,98分钟(法国),迁徙的鸟,https://movie.douban.com/subject/1292281/
60159人评价,王树忱,1983 / 中国大陆 / 动画,传奇的年代，醉人的童话。,241,9.1,89分钟,天书奇谭,https://movie.douban.com/subject/1428581/
106368人评价,安德鲁·尼科尔,1997 / 美国 / 剧情 科幻 惊悚,一部能引人思考的科幻励志片。,239,8.7,106分钟,千钧一发,https://movie.douban.com/subject/1300117/
139694人评价,雷德利·斯科特,2001 / 美国 / 动作 历史 战争,还原真实而残酷的战争。,237,8.6,144分钟,黑鹰坠落,https://movie.douban.com/subject/1291824/
155142人评价,罗伯·莱纳,2007 / 美国 / 冒险 喜剧 剧情,用剩余不多的时间，去燃烧整个生命。,240,8.5,97 分钟,遗愿清单,https://movie.douban.com/subject/1867345/
69970人评价,秋昌旼,2011 / 韩国 / 剧情 爱情,你要相信，这世上真的有爱存在，不管在什么年纪,238,9.0,118分钟,我爱你,https://movie.douban.com/subject/5908478/
145296人评价,西恩·潘,2007 / 美国 / 冒险 传记 剧情,出门必备：本草纲目。,235,8.6,148分钟,荒野生存,https://movie.douban.com/subject/1905462/
193022人评价,安东尼·明格拉,1996 / 美国 英国 / 爱情 剧情 战争,"In memory, love lives forever...",236,8.5,162分钟,英国病人,https://movie.douban.com/subject/1291853/
137992人评价,布莱恩·辛格,1995 / 德国 美国 / 剧情 犯罪 悬疑 惊悚,我不信仰上帝，但我敬畏上帝。,233,8.6,106分钟,非常嫌疑犯,https://movie.douban.com/subject/1292214/
209820人评价,斯坦利·库布里克,1971 / 英国 美国 / 犯罪 剧情 科幻,我完全康复了。,228,8.5,136 分钟,发条橙,https://movie.douban.com/subject/1292233/
387750人评价,汤姆·霍珀,2010 / 英国 澳大利亚 美国 / 剧情 传记 历史,皇上无话儿。,234,8.3,118分钟,国王的演讲,https://movie.douban.com/subject/4023638/
181524人评价,理查德·柯蒂斯,2009 / 英国 德国 法国 / 剧情 喜剧 音乐,生命不止，摇滚不死。,232,8.6,116 分钟,海盗电台,https://movie.douban.com/subject/3007773/
159455人评价,爱德华·兹威克,2006 / 美国 德国 / 剧情 惊悚 冒险,每个美丽事物背后都是滴血的现实。,230,8.6,143 分钟,血钻,https://movie.douban.com/subject/1428175/
210933人评价,萨姆·门德斯,1999 / 美国 / 剧情 爱情 家庭,每个人的内心都是深不可测的大海。,231,8.5,122分钟,美国丽人,https://movie.douban.com/subject/1292062/
60908人评价,赛尔乔·莱昂内,1966 / 意大利 西班牙 西德 / 冒险 西部,最棒的西部片。,227,9.1,161 分钟,黄金三镖客,https://movie.douban.com/subject/1401118/
150483人评价,汤姆·麦卡锡,2015 / 美国 / 剧情 传记,新闻人的理性求真。,229,8.8,128分钟,聚焦,https://movie.douban.com/subject/25954475/
223239人评价,詹姆斯·沃德·布柯特,2013 / 美国 英国 / 科幻 悬疑 惊悚,小成本大魅力。,226,8.4,89分钟,彗星来的那一夜,https://movie.douban.com/subject/25807345/
539511人评价,普特鹏·普罗萨卡·那·萨克那卡林,2010 / 泰国 / 剧情 喜剧 爱情,黑小鸭速效美白记。,212,8.3,118分钟(泰国),初恋这件小事,https://movie.douban.com/subject/4739952/
462417人评价,邓肯·琼斯,2011 / 美国 加拿大 / 科幻 悬疑 惊悚,邓肯·琼斯继《月球》之后再度奉献出一部精彩绝伦的科幻佳作。,211,8.4,93分钟,源代码,https://movie.douban.com/subject/3075287/
108781人评价,是枝裕和,2008 / 日本 / 剧情 家庭,日本的家庭电影已经是世界巅峰了，步履不停是巅峰中的佳作。,208,8.8,115分钟,步履不停,https://movie.douban.com/subject/2222996/
166187人评价,詹姆斯·卡梅隆,1991 / 美国 法国 / 动作 科幻,少见的超越首部的续集，动作片中的经典。,210,8.6,137分钟,终结者2：审判日,https://movie.douban.com/subject/1291844/
219870人评价,李惠民,1992 / 香港 中国大陆 / 剧情 动作 武侠 古装,嬉笑怒骂，调风动月。,207,8.5,88分钟,新龙门客栈,https://movie.douban.com/subject/1292287/
211431人评价,卡比尔·汗,2015 / 印度 / 剧情 喜剧 动作,宝莱坞的萝莉与大叔。,205,8.5,159分钟,小萝莉的猴神大叔,https://movie.douban.com/subject/26393561/
207025人评价,约翰·卡尼,2013 / 美国 / 喜剧 爱情 音乐,爱我就给我看你的播放列表。,206,8.5,104分钟,再次出发之纽约遇见你,https://movie.douban.com/subject/6874403/
128647人评价,达伦·阿伦诺夫斯基,2000 / 美国 / 剧情,一场没有春天的噩梦。,203,8.7,102分钟,梦之安魂曲,https://movie.douban.com/subject/1292270/
186914人评价,莉莉·沃卓斯基,2003 / 美国 澳大利亚 / 动作 科幻,不得不说，《黑客帝国》系列是商业片与科幻、哲学完美结合的典范。,202,8.6,129 分钟,黑客帝国3：矩阵革命,https://movie.douban.com/subject/1302467/
198423人评价,安德鲁·尼科尔,2005 / 美国 法国 / 剧情 犯罪,做一颗让别人需要你的棋子。,190,8.6,122 分钟,战争之王,https://movie.douban.com/subject/1419936/
263306人评价,徐克,1993 / 香港 / 剧情 奇幻 古装,人生如此，浮生如斯。谁人言，花彼岸，此生情长意短。谁都是不懂爱的罢了。,201,8.5,99分钟,青蛇,https://movie.douban.com/subject/1303394/
76775人评价,神山征二郎,1987 / 日本 / 剧情,养狗三日，便会对你终其一生。,188,9.1,107 分钟,忠犬八公物语,https://movie.douban.com/subject/1959195/
151168人评价,陆川,2004 / 中国大陆 香港 / 剧情 犯罪,坚硬的信仰。,186,8.7,85分钟(中国大陆),可可西里,https://movie.douban.com/subject/1308857/
151568人评价,阿斯哈·法哈蒂,2011 / 伊朗 法国 / 剧情 家庭,只有有信仰的人才能说出事实真相。,189,8.7,123分钟,一次别离,https://movie.douban.com/subject/5964718/
155748人评价,汉内斯·赫尔姆,2015 / 瑞典 / 剧情,惠及一生的美丽。,187,8.8,116分钟,一个叫欧维的男人决定去死,https://movie.douban.com/subject/26628357/
61557人评价,小津安二郎,1953 / 日本 / 剧情 家庭,东京那么大，如果有一天走失了，恐怕一辈子不能再相见。,209,9.2,136 分钟,东京物语,https://movie.douban.com/subject/1291568/
388079人评价,克里斯托弗·史密斯,2009 / 英国 澳大利亚 / 剧情 悬疑 惊悚,不要企图在重复中寻找已经失去的爱。,184,8.4,99 分钟,恐怖游轮,https://movie.douban.com/subject/3011051/
304526人评价,莫滕·泰杜姆,2014 / 英国 美国 / 剧情 传记 战争 同性,他给机器起名“克里斯托弗”，因为这是他初恋的名字。,185,8.6,114分钟,模仿游戏,https://movie.douban.com/subject/10463953/
249530人评价,王家卫,1990 / 香港 / 犯罪 剧情 爱情,王家卫是一种风格，张国荣是一个代表。,181,8.5,94分钟,阿飞正传,https://movie.douban.com/subject/1305690/
191422人评价,伦尼·阿伯拉罕森,2015 / 爱尔兰 加拿大 英国 美国 / 剧情 家庭,被偷走的岁月，被伤害的生命，被禁锢的灵魂，终将被希望和善意救赎。,183,8.8,118分钟,房间,https://movie.douban.com/subject/25724855/
307432人评价,史蒂芬·戴德利,2008 / 美国 德国 / 剧情 爱情,当爱情跨越年龄的界限，它似乎能变得更久远一点，成为一种责任，一种水到渠成的相濡以沫。,180,8.5,124 分钟,朗读者,https://movie.douban.com/subject/2213597/
242197人评价,瑞奇·摩尔,2012 / 美国 / 喜剧 动画 奇幻 冒险,迪士尼和皮克斯拿错剧本的产物。,182,8.7,101分钟,无敌破坏王,https://movie.douban.com/subject/6534248/
319492人评价,汤姆·提克威,2006 / 德国 法国 西班牙 美国 / 剧情 犯罪 奇幻,一个单凭体香达到高潮的男人。,179,8.4,147分钟,香水,https://movie.douban.com/subject/1760622/
153916人评价,丹尼斯·甘塞尔,2008 / 德国 / 剧情 惊悚,世界离独裁只有五天。,178,8.7,107 分钟,浪潮,https://movie.douban.com/subject/2297265/
150795人评价,黑泽明,1950 / 日本 / 犯罪 剧情 悬疑,人生的N种可能性。,176,8.7,88分钟,罗生门,https://movie.douban.com/subject/1291879/
600598人评价,新海诚,2016 / 日本 / 剧情 爱情 动画,穿越错位的时空，仰望陨落的星辰，你没留下你的名字，我却无法忘记那句“我爱你”。,177,8.4,106分钟,你的名字。,https://movie.douban.com/subject/26683290/
392462人评价,梅尔·吉布森,2016 / 美国 澳大利亚 / 剧情 传记 历史 战争,优秀的战争片不会美化战场，不会粉饰死亡，不会矮化敌人，不会无视常识，最重要的，不会宣扬战争。,163,8.7,139分钟(中国大陆),血战钢锯岭,https://movie.douban.com/subject/26325320/
335265人评价,尼克·卡萨维茨,2004 / 美国 / 剧情 爱情,爱情没有那么多借口，如果不能圆满，只能说明爱的不够。,162,8.5,123分钟,恋恋笔记本,https://movie.douban.com/subject/1309163/
225182人评价,让-马克·瓦雷,2013 / 美国 / 剧情 传记 同性,Jared Leto的腿比女人还美！,160,8.7,117分钟,达拉斯买家俱乐部,https://movie.douban.com/subject/1793929/
99879人评价,克林特·伊斯特伍德,1993 / 美国 / 剧情 犯罪,坏人的好总是比好人的好来得更感人。,157,9.0,138分钟,完美的世界,https://movie.douban.com/subject/1300992/
166726人评价,爱德华·兹威克,1994 / 美国 / 剧情 爱情 西部 家庭,传奇，不是每个人都可以拥有。,161,8.7,133分钟,燃情岁月,https://movie.douban.com/subject/1295865/
123410人评价,热拉尔·乌里,1966 / 法国 英国 / 喜剧 战争,永远看不腻的喜剧。,156,8.9,132分钟,虎口脱险,https://movie.douban.com/subject/1296909/
159224人评价,弗朗西斯·福特·科波拉,1990 / 美国 / 剧情 犯罪,任何信念的力量，都无法改变命运。,155,8.8,170分钟,教父3,https://movie.douban.com/subject/1294240/
291903人评价,王家卫,2000 / 香港 / 剧情 爱情,偷情本没有这样美。,159,8.6,98 分钟,花样年华,https://movie.douban.com/subject/1291557/
250194人评价,理查德·柯蒂斯,2013 / 英国 / 剧情 爱情 奇幻,把每天当作最后一天般珍惜度过，积极拥抱生活，就是幸福。,153,8.7,123分钟,时空恋旅人,https://movie.douban.com/subject/10577869/
249256人评价,肯尼思·洛纳根,2016 / 美国 / 剧情 家庭,我们都有权利不与自己的过去和解。,154,8.6,137分钟,海边的曼彻斯特,https://movie.douban.com/subject/25980443/
221294人评价,李焕庆,2013 / 韩国 / 剧情 喜剧 家庭,《我是山姆》的《美丽人生》。,134,8.7,127分钟,7号房的礼物,https://movie.douban.com/subject/10777687/
95281人评价,是枝裕和,2004 / 日本 / 剧情,我的平常生活就是他人的幸福。,152,9.1,141分钟,无人知晓,https://movie.douban.com/subject/1292337/
306392人评价,王家卫,1994 / 香港 台湾 / 剧情 动作 爱情 武侠 古装,电影诗。,133,8.6,100分钟,东邪西毒,https://movie.douban.com/subject/1292328/
185142人评价,吴宇森,1991 / 香港 / 剧情 喜剧 动作 犯罪,香港浪漫主义警匪动作片的巅峰之作。,151,8.7,108分钟,纵横四海,https://movie.douban.com/subject/1295409/
236609人评价,温子仁,2004 / 美国 / 悬疑 惊悚 恐怖,真相就在眼前。,131,8.7,103分钟,电锯惊魂,https://movie.douban.com/subject/1417598/
168019人评价,李安,1993 / 台湾 美国 / 剧情 喜剧 爱情 同性 家庭,中国家庭的喜怒哀乐忍。,132,8.8,108分钟,喜宴,https://movie.douban.com/subject/1303037/
154417人评价,森淳一,2015 / 日本 / 剧情,尊敬他人，尊敬你生活的这片土地，明白孤独是人生的常态。,127,9.0,120分钟,小森林 冬春篇,https://movie.douban.com/subject/25814707/
217125人评价,保罗·格林格拉斯,2007 / 美国 德国 / 动作 悬疑 惊悚,像吃了苏打饼一样干脆的电影。,130,8.7,115分钟,谍影重重3,https://movie.douban.com/subject/1578507/
301125人评价,彼特·道格特,2001 / 美国 / 儿童 喜剧 动画 奇幻 冒险,不要给它起名字，起了名字就有感情了。,128,8.6,92 分钟,怪兽电力公司,https://movie.douban.com/subject/1291579/
286442人评价,金秉祐,2013 / 韩国 / 剧情 犯罪 悬疑,恐怖分子的“秋菊打官司”。,111,8.7,97分钟,恐怖直播,https://movie.douban.com/subject/21360417/
238617人评价,高畑勋,1988 / 日本 / 动画 剧情 战争,幸福是生生不息，却难以触及的远。,129,8.7,89 分钟,萤火虫之墓,https://movie.douban.com/subject/1293318/
210588人评价,近藤喜文,1995 / 日本 / 剧情 爱情 动画,少女情怀总是诗。,109,8.8,111分钟,侧耳倾听,https://movie.douban.com/subject/1297052/
326078人评价,程小东,1987 / 香港 / 剧情 爱情 武侠 古装,两张绝世的脸。,110,8.6,98分钟(香港),倩女幽魂,https://movie.douban.com/subject/1297447/
178229人评价,森淳一,2014 / 日本 / 剧情,那些静得只能听见呼吸的日子里，你明白孤独即生活。,108,8.9,111分钟,小森林 夏秋篇,https://movie.douban.com/subject/25814705/
338597人评价,大卫·叶茨,2011 / 美国 英国 / 剧情 悬疑 奇幻 冒险,10年的完美句点。,126,8.7,130分钟,哈利·波特与死亡圣器(下),https://movie.douban.com/subject/3011235/
401324人评价,周星驰,1999 / 香港 / 喜剧 剧情 爱情,我是一个演员。,107,8.6,85分钟,喜剧之王,https://movie.douban.com/subject/1302425/
330347人评价,刘镇伟,1993 / 香港 / 喜剧 古装,百看不厌。,101,8.7,113分钟(香港),射雕英雄传之东成西就,https://movie.douban.com/subject/1316510/
180235人评价,卡迪亚·兰德,2002 / 巴西 法国 / 犯罪 剧情,被上帝抛弃了的上帝之城。,106,8.9,130分钟,上帝之城,https://movie.douban.com/subject/1292208/
271378人评价,理查德·林克莱特,1995 / 美国 奥地利 瑞士 / 剧情 爱情,缘分是个连绵词，最美不过一瞬。,105,8.7,101分钟,爱在黎明破晓前,https://movie.douban.com/subject/1296339/
440531人评价,大卫·芬奇,2014 / 美国 / 剧情 犯罪 悬疑 惊悚,年度最佳date movie。,104,8.7,149分钟,消失的爱人,https://movie.douban.com/subject/21318488/
325513人评价,姜炯哲,2011 / 韩国 / 剧情 喜剧,再多各自牛逼的时光，也比不上一起傻逼的岁月。,103,8.8,124分钟,阳光姐妹淘,https://movie.douban.com/subject/4917726/
283773人评价,宫崎骏,1997 / 日本 / 动画 奇幻 冒险,人与自然的战争史诗。,88,8.8,134分钟,幽灵公主,https://movie.douban.com/subject/1297359/
271516人评价,陈可辛,1996 / 香港 / 剧情 爱情,相逢只要一瞬间，等待却像是一辈子。,102,8.8,118分钟(中国大陆),甜蜜蜜,https://movie.douban.com/subject/1305164/
331752人评价,姜文,1994 / 中国大陆 香港 / 剧情,一场华丽的意淫。,87,8.8,134分钟(中国大陆),阳光灿烂的日子,https://movie.douban.com/subject/1291875/
307599人评价,史蒂文·斯皮尔伯格,2002 / 美国 加拿大 / 传记 犯罪 剧情,骗子大师和执著警探的你追我跑故事。,83,8.8,141 分钟,猫鼠游戏,https://movie.douban.com/subject/1305487/
264016人评价,亚当·艾略特,2009 / 澳大利亚 / 剧情 动画,你是我最好的朋友，你是我唯一的朋友 。,86,8.9,92分钟,玛丽和马克思,https://movie.douban.com/subject/3072124/
407918人评价,韦斯·安德森,2014 / 美国 德国 英国 / 剧情 喜剧 冒险,小清新的故事里注入了大历史的情怀。,84,8.8,99分钟,布达佩斯大饭店,https://movie.douban.com/subject/11525673/
447809人评价,马丁·斯科塞斯,2010 / 美国 / 剧情 悬疑 惊悚,昔日翩翩少年，今日大腹便便。,85,8.7,138 分钟,禁闭岛,https://movie.douban.com/subject/2334904/
307214人评价,王家卫,1997 / 香港 日本 韩国 / 剧情 爱情 同性,爱情纠缠，男女一致。,80,8.8,96分钟,春光乍泄,https://movie.douban.com/subject/1292679/
466316人评价,埃里克·布雷斯,2004 / 美国 加拿大 / 剧情 悬疑 科幻 惊悚,人的命运被自己瞬间的抉择改变。,79,8.7,113分钟,蝴蝶效应,https://movie.douban.com/subject/1292343/
339006人评价,格斯·范·桑特,1997 / 美国 / 剧情,人生中应该拥有这样的一段豁然开朗。,81,8.8,126 分钟,心灵捕手,https://movie.douban.com/subject/1292656/
358781人评价,克里斯·哥伦布,2001 / 美国 英国 / 奇幻 冒险,童话世界的开端。,78,8.8,152分钟,哈利·波特与魔法石,https://movie.douban.com/subject/1295038/
374316人评价,中岛哲也,2006 / 日本 / 剧情 歌舞,以戏谑来戏谑戏谑。,63,8.9,130 分钟,被嫌弃的松子的一生,https://movie.douban.com/subject/1787291/
518734人评价,大卫·芬奇,1995 / 美国 / 剧情 犯罪 悬疑 惊悚,警察抓小偷，老鼠玩死猫。,62,8.8,127分钟,七宗罪,https://movie.douban.com/subject/1292223/
587185人评价,蒂姆·波顿,1990 / 美国 / 剧情 奇幻 爱情,浪漫忧郁的成人童话。,76,8.7,105 分钟,剪刀手爱德华,https://movie.douban.com/subject/1292370/
180256人评价,马基德·马基迪,1997 / 伊朗 / 剧情 家庭 儿童,奔跑的孩子是天使。,61,9.2,89 分钟,小鞋子,https://movie.douban.com/subject/1303021/
251123人评价,贝纳尔多·贝托鲁奇,1987 / 英国 意大利 中国大陆 法国 美国 / 剧情 传记 历史,“不要跟我比惨，我比你更惨”再适合这部电影不过了。,60,9.1,163分钟,末代皇帝,https://movie.douban.com/subject/1293172/
214075人评价,赛尔乔·莱昂内,1984 / 意大利 美国 / 犯罪 剧情,往事如烟，无处祭奠。,59,9.1,229分钟(导演剪辑版),美国往事,https://movie.douban.com/subject/1292262/
248654人评价,罗曼·波兰斯基,2002 / 法国 德国 英国 波兰 / 剧情 传记 历史 战争 音乐,音乐能化解仇恨。,58,9.1,150分钟,钢琴家,https://movie.douban.com/subject/1296736/
466032人评价,岩井俊二,1995 / 日本 / 剧情 爱情,暗恋的极致。,55,8.8,117分钟,情书,https://movie.douban.com/subject/1292220/
357890人评价,罗杰·阿勒斯,1994 / 美国 / 剧情 动画 冒险 歌舞 家庭,动物版《哈姆雷特》。,57,8.9,89 分钟,狮子王,https://movie.douban.com/subject/1301753/
246968人评价,李濬益,2013 / 韩国 / 剧情,受过伤害的人总是笑得最开心，因为他们不愿意让身边的人承受一样的痛苦。,56,9.1,123分钟,素媛,https://movie.douban.com/subject/21937452/
379362人评价,彼得·杰克逊,2001 / 新西兰 美国 / 剧情 动作 奇幻 冒险,传说的开始。,52,8.9,178分钟,指环王1：魔戒再现,https://movie.douban.com/subject/1291571/
376904人评价,朗·霍华德,2001 / 美国 / 传记 剧情,爱是一切逻辑和原由。,53,8.9,135 分钟,美丽心灵,https://movie.douban.com/subject/1306029/
338863人评价,彼得·杰克逊,2002 / 美国 新西兰 / 剧情 动作 奇幻 冒险,承前启后的史诗篇章。,51,9.0,179分钟,指环王2：双塔奇兵,https://movie.douban.com/subject/1291572/
260769人评价,李安,1994 / 台湾 美国 / 剧情 家庭,人生不能像做菜，把所有的料都准备好了才下锅。,54,9.1,124分钟,饮食男女,https://movie.douban.com/subject/1291818/
540241人评价,刘镇伟,1995 / 香港 中国大陆 / 喜剧 爱情 奇幻 冒险,旷古烁今。,38,8.9,87分钟,大话西游之月光宝盒,https://movie.douban.com/subject/1299398/
641834人评价,彼特·道格特,2009 / 美国 / 剧情 喜剧 动画 冒险,最后那些最无聊的事情，才是最值得怀念的。,37,8.9,96分钟,飞屋环游记,https://movie.douban.com/subject/2129039/
147426人评价,比利·怀德,1957 / 美国 / 剧情 犯罪 悬疑,比利·怀德满分作品。,34,9.6,116分钟,控方证人,https://movie.douban.com/subject/1296141/
476008人评价,大卫·芬奇,1999 / 美国 德国 / 剧情 动作 悬疑 惊悚,邪恶与平庸蛰伏于同一个母体，在特定的时间互相对峙。,36,9.0,139 分钟,搏击俱乐部,https://movie.douban.com/subject/1292000/
420119人评价,宫崎骏,1986 / 日本 / 动画 奇幻 冒险,对天空的追逐，永不停止。,35,9.0,125分钟,天空之城,https://movie.douban.com/subject/1291583/
301811人评价,姜文,2000 / 中国大陆 / 剧情 历史 战争,对敌人的仁慈，就是对自己残忍。,32,9.2,139分钟,鬼子来了,https://movie.douban.com/subject/1291858/
364150人评价,泷田洋二郎,2008 / 日本 / 剧情,死可能是一道门，逝去并不是终结，而是超越，走向下一程。,82,8.8,130 分钟,入殓师,https://movie.douban.com/subject/2149806/
361279人评价,彼得·杰克逊,2003 / 美国 新西兰 / 剧情 动作 奇幻 冒险,史诗的终章。,33,9.1,201分钟,指环王3：王者无敌,https://movie.douban.com/subject/1291552/
216994人评价,西德尼·吕美特,1957 / 美国 / 剧情,1957年的理想主义。,31,9.4,96 分钟,十二怒汉,https://movie.douban.com/subject/1293182/
727532人评价,李安,2012 / 美国 台湾 英国 加拿大 / 剧情 奇幻 冒险,瑰丽壮观、无人能及的冒险之旅。,30,9.0,127分钟,少年派的奇幻漂流,https://movie.douban.com/subject/1929463/
369684人评价,朱塞佩·托纳多雷,1988 / 意大利 法国 / 剧情 爱情,那些吻戏，那些青春，都在影院的黑暗里被泪水冲刷得无比清晰。,29,9.1,155分钟,天堂电影院,https://movie.douban.com/subject/1291828/
